{
  "partners": [
    {
      "code": "336528711812",
      "icon": "https://images-ext-1.discordapp.net/external/ZtTiExLoWAr6DfLFFTrTD89WGxw1Cn0_sJ5nsv1C92M/https/i.imgur.com/a791Kbph.jpg",
      "ownerID": "764593122930982933",
      "serverName": "KingBot Support",
      "website": "https://discord.gg/MdvRpEKMsW",
      "background": "https://images-ext-1.discordapp.net/external/UerfXcgJ7W6jIMzlg_8s0Bj7ymd_QvZOamdW9Hz4CLM/https/i.imgur.com/SrOa21rh.jpg",
      "description": "KingBot is the best system bot"
    }
  ]
}